1,Nick Marriotti,124.4565324
2,Stephanie,412.4532113
3,Eli,1242.122424